etdid,title,author,advisor,university,degree,program,year
1,some aspects of radiation induced nucleation in water,chihping tso,,massachusetts institute of technology,master of science,nuclear engineering,1970
2,procedures as a representation for data in a computer program for understanding natural language,terry winograd,,massachusetts institute of technology,doctor of philosophy,mathematics,1970
3,an experimental investigation of oil spreading over water,walter suchon,,massachusetts institute of technology,master of science,mechanical engineering,1970
4,digital simulation of a transportation interface,chryssostomos chryssostomidis,,massachusetts institute of technology,doctor of philosophy,naval architecture and marine engineering,1970
5,immersions of symmetric spaces,edmund francis kelly,,massachusetts institute of technology,doctor of philosophy,mathematics,1970
6,inertial gyro lifecycle costs analysis and management,peter joseph palmer,,massachusetts institute of technology,master of science,aeronautics and astronautics,1970
7,ionization in seeded detonation waves,satyaki basu,,massachusetts institute of technology,doctor of science,mechanical engineering,1959
8,ethyl alcohol as fuel for internal combustion engines by enrique l kilayko bsme universidad de santo tomas 1959,,,massachusetts institute of technology,master of science,mechanical engineering,1960
9,dynamics of the tankship industry,,,massachusetts institute of technology,master of science,naval architecture and marine engineering,1960
10,analysis of tape drives,anton keats simson,,massachusetts institute of technology,bachelor of science,mechanical engineering,1960
11,a headquarters for the world health organization in geneva switzerland,johannes philipp holschneider,,massachusetts institute of technology,master in architecture,,
12,cocommutative hopf algebras with antipode,moss eisenberg sweedler,,massachusetts institute of technology,doctor of philosophy,mathematics,1965
13,on the mechanics of twist insertion,aly h m elshiekh,,massachusetts institute of technology,doctor of science,mechanical engineering,1965
14,,,,massachusetts institute of technology,bachelor of architecture,architecture,1965
15,buildings as systems,lawrence,,massachusetts institute of technology,master in architecture,architecture,
16,a building system based on growth,lawrence b anderson,,massachusetts institute of technology,master in architecture,architecture,1965
17,automatic generation of thermodynamic networks,gerald gruber bche,,massachusetts institute of technology,doctor of science,chemical engineering,1964
18,performance of hydrofoil systems,robert hamilton cannon,,massachusetts institute of technology,doctor of science,mechanical engineering,1950
19,an investigation of the power spectral density of atmospheric turbulence,gerhardt c clementson,,massachusetts institute of technology,doctor of science,,1950
20,survey and city plan for keene nh,george nez,,massachusetts institute of technology,master in city planning,city and regional planning,1950
21,an economic background study of new bedford massachusetts,charles winfred washburn,,massachusetts institute of technology,master in city planning,,
22,a planning program for the towns of the bridgeport connecticut region,douglas s powell,,,,,1947
23,a proposal for the structural reorganization of the planning function in new york city,frederick h reuter,,massachusetts institute of technology,master in city planning,city and regional planning,1950
24,stall propagation in axial compressors,alan h stenning,,massachusetts institute of technology,doctor of science,mechanical engineering,1955
25,calendering of an elasticviscous material,paul r paslay,,massachusetts institute of technology,doctor of science,mechanical engineering,1955
26,oxidation studies in metalcarbon systems,watt wetmore webb,,massachusetts institute of technology,doctor of science,metallurgy,1955
27,a critical survey of published physical planning principles,thomas,,massachusetts institute of technology,master in city planning,city and regional planning,1955
28,new ywca building pittsburgh pa,visvaldis paukulis,,massachusetts institute of technology,master in architecture,architecture,
29,a development study for north philadelphia airport,richard m horowitz,,massachusetts institute of technology,master in architecture,architecture,1954
30,xray diffraction analysis of the structure of deoxyribonucleic acid,harold winfield wyckoff,,massachusetts institute of technology,doctor of philosophy,biology,1955
31,toward a new architecture for industry,nkeith scott mabarch hons liverpool aribadipcdamtpi,,massachusetts institute of technology,master in architecture,,
32,the raman spectra and structure of silica and the sodasilica glasses,george barwick wilmot,,massachusetts institute of technology,doctor of philosophy,chemistry,
33,the response of continuous systems to random noise fields,richard h lyon,,massachusetts institute of technology,doctor of philosophy,physics,1955
34,the community costs resulting from growth,robert edward coughlin,,massachusetts institute of technology,master in city planning,city and regional planning,1955
35,lateral dynamics and control of rail vehicles,robert lee jeffcoat,,massachusetts institute of technology,doctor of philosophy,mechanical engineering,1974
36,hydraulic damper design for a knee prosthesis,eric hershler bott,,massachusetts institute of technology,bachelor of science,mechanical engineering and physics,1975
37,modeling and simulation of a steam power station,alberto azuma,,massachusetts institute of technology,master of science,mechanical engineering,1975
38,modal analysis and control of flexible manipulator arms,octavio maizza neto eng mec escola,,massachusetts institute of technology,doctor of philosophy,mechanical engineering,1974
39,grammar for vision,leon gardner shiman,,massachusetts institute of technology,doctor of philosophy,mathematics,1975
40,air rights development of urban transit corridors,steven c hayes,,massachusetts institute of technology,master of architecture,architecture,1975
41,housingbox and panel,william harold soupcoff,,massachusetts institute of technology,master of architecture,architecture,1975
42,an additive approach to the design of urban paths and edges,david cylkowskt,,massachusetts institute of technology,master of architecture,architecture,1975
43,natural forces and the craft of building site reconnaissance,vivian ellen loftness,,massachusetts institute of technology,master of architecture,architecture,1975
44,the corrosion of steel in saline solutions of hydrogen sulfide,sanford j neuhaus,,massachusetts institute of technology,,chemical engineering,1945
45,the chromiumoxygenhydrogen equilibrium in liquid iron,hsinmin chen,,massachusetts institute of technology,doctor of science,metallurgy,1945
46,a study of a railroad terminal for seattle suggested scheme for unification of railroad facilities with recommendations for city planning considerations in relation to and in the vicinity of the station,arnoid gordon gangnes,,massachusetts institute of technology,master in architecture,architecture aud planning,1942
47,theoretical investigation of standing waves in hydraulic structures,archie allan stone,,massachusetts institute of technology,,,1946
48,design of dynamic analyzer,richard y newton,,massachusetts institute of technology,master of science,mechanical engineering,1946
49,on the fourier series of the square of a function,stephen harry crandall,,massachusetts institute of technology,doctor of philosophy,mathematics,
50,trawler design,viggo e maack course xiii,,massachusetts institute of technology,,,1946
51,formatting variables and typeface variations of dotmatrix print and their effect on reading comprehension and reading speed,james,,virginia polytechnic institute and state university,doctor of education,vocational and technical education,1986
52,a comparison of the efficiency and effectiveness of two models for determining the cost of special education programs,kenneth l kienas,,virginia polytechnic institute and state university,doctor of education,administration and supervision of special education,1986
53,fundamental adhesive studies of block copolymers,margaret mary sheridan,tc ward,virginia polytechnic institute and state university,doctor of philosophy,chemistry,1985
54,december 1976,richard jfenchak,,virginia polytechnic institute and state university,doctor of education,educational administration,1986
55,assessment of coal liquefaction behavior through product characterization with hyphenated chromatographicspectroscopic methods,john william hellgeth,l t taylor,virginia polytechnic institute and state university,doctor of philosophy,chemistry,1986
56,scaling effect in cone penetration testing in sand,walid khaled eid,g w clough,virginia polytechnic institute and state university,doctor of philosophy,civil engineering,1987
57,intelligent and integrated load management system,mutasim fuad baba,saifur rahman,virginia polytechnic institute and state university,doctor of philosophy,electrical engineering,1987
58,attentional demand evaluation for an automobile movingmap navigation system,thomas,,virginia polytechnic institute and state university,doctor of philosophy,industrial engineering and operations research,1987
59,refractometry,mickey e gunter,f donald bloss,virginia polytechnic institute and state university,doctor of philosophy,geological sciences,1987
60,the systematics and ecology of boletes with special reference to the genus suillus and its ectomycorrhizal relationships in nepal,henry van tuyl cotter,orson k miller jr,virginia polytechnic institute and state university,doctor of philosophy,botany,1987
61,design and characterization of zeolite supported cobalt carbonyl catalysts,melissa clare connaway,,virginia polytechnic institute and state university,doctor of philosophy,chemistry,1987
62,the agency cost of financial decision making an empirical analysis,claire elaine crutchley,robert s hansen,virginia polytechnic institute and state university,doctor of philosophy,finance,1987
63,an analysis of trends and conditions in school districts with black superintendents and a composite profile of the black superintendent at hisher initial appointment,sterling i marshall,,virginia polytechnic institute and state university,doctor of education,educational administration,1986
64,dielectric characterization using a wideband dielectric filled cavity wdfc,mohammad ali saed,,virginia polytechnic institute and state university,doctor of philosophy,electrical engineering,1987
65,,bruce s tang,,virginia polytechnic institute and state university,doctor of philosophy,engineering mechanics,1988
66,notill establishment of switchgrass and caucasian bluestem,james r mckenna,dale d wolf,virginia polytechnic institute and state university,doctor of philosophy,agronomy,1988
67,a comparison of the circumplex model of family functioning and maccoby and martins parenting typologies,joanna m grymes,,virginia polytechnic institute and state university,doctor of philosophy,family and child development,1988
68,pollination ecology of the simultaneously flowering impatiens capensis and j pallida,john l randall,khidir w hilu,virginia polytechnic institute and state university,doctor of philosophy,botany,1988
69,prediction model for the onset of edgeeffect delamination at holes in composite laminates,doron shalev,,virginia polytechnic institute and state university,doctor of philosophy,engineering science and mechanics,1988
70,isolation and characterization of ferulic acid carbohydrate esters from corn hull zea mays,robert nicholas antenucci,j k palmer,virginia polytechnic institute and state university,doctor of philosophy,food science and technology,1988
71,a descriptive and exploratory study of peer coaching and selected factors in the working environment of elementary middle and high school teachers in a large suburban virginia public school system,lena hall,,virginia polytechnic institute and state university,doctor of education,educational administration,1988
72,an analysis of correlated curve trend experiments in eucalyptus grandis,brian victor bredenkamp,harold e burkhart,virginia polytechnic institute and state university,doctor of philosophy,forestry,1988
73,the assessment of behavior patterns personality characteristics and theoretical orientations for masters level counseling students,ronald e hawkins,,virginia polytechnic institute and state university,doctor of education,counselor education,1988
74,suboptimal period design for a maneuvering missile to evade tracking filters,lin ying lai,harold l stalford,virginia polytechnic institute and state university,doctor of philosophy,aerospace and ocean engineering,1988
75,german high school history textbooks how well do they deal with the rise and fall of the third reich,william p yurochko,daniel b fleming,virginia polytechnic institute and state university,doctor of education,curriculum and instruction,1988
76,assessment of a mentor program on selfconcept and achievement variables of middle school underachievers,helene aiello,philip r jones,virginia polytechnic institute and state university,doctor of education,administration and supervision of special education,1988
77,the value of state level textbook adoption systems as perceived by selected textbook publishing personnel,beryle crockett santon,,virginia polytechnic institute and state university,doctor of education,curriculum and instruction,1988
78,the relationships of occupational stress and certain other variables to job satisfaction of licensed professional counselors in virginia,clell r clemons jr,carl o mcdaniels,virginia polytechnic institute and state university,doctor of education,counseling and student personnel services,1988
79,synthesis characterization and kinetic investigations of heterophase materials prepared using group transfer polymerization,ann marie hellstern,,virginia polytechnic institute and state university,doctor of philosophy,chemistry,
80,structureproperty behavior of polyimide homopolymers copolymers and blends,cynthia,james e mcgrath,virginia polytechnic institute and state university,doctor of philosophy,materials engineering science,1989
81,whisper out loud spirochete a living newspaper 19371939 produced by the federal theatre project an instrument for public health education in the war on syphilis,libra jan cleveland gysel,harold w stubblefield,virginia polytechnic institute and state university,doctor of education,adult and continuing education,1989
82,supported aqueous phase catalysis,mark e davis david f cox joseph s merola brian e hanson james,,virginia polytechnic institute and state university,doctor of philosophy,chemical engineering,1989
83,structureproperty relationships of electron beam irradiated monomeric and polymeric systems,ha chul kim,garth l wilkes,virginia polytechnic institute and state university,doctor of philosophy,chemical engineering,1989
84,studies on the stability of thin films in bubbleparticle adhesion,jorge luis yordan hernandez,r h yoon,virginia polytechnic institute and state university,doctor of philosophy,mining and minerals engineering,1989
85,the kinetics and thermodynamics of clay mineral reactions,john alan chermak,j d rimstidt,virginia polytechnic institute and state university,doctor of philosophy,geology,1989
86,analysis of metal matrix composite structures using a micromechanical constitutive theory,robert thomas arenburg,j n reddy,virginia polytechnic institute and state university,doctor of philosophy,engineering mechanics,1988
87,effect of a heavy metal on ecto and vesiculararbuscular mycorrhizal fungi the physiology ultrastructure and ecology of copper stress and tolerance,christine mae gruhn,orson k miller,virginia polytechnic institute and state university,doctor of philosophy,biology,1989
88,utilization of crab processing waste and chitin associated with the waste as feed for ruminants,gbemiga,j p fontenot,virginia polytechnic institute and state university,doctor of philosophy,animal science,1989
89,the adoption of innovative wood processing technologies in the building products industry,david h cohen,sa sinclair,virginia polytechnic institute and state university,doctor of philosophy,wood science and forest products,
90,strategies and tactics to access intuition a look at the moment of solution,linda e morris,,virginia polytechnic institute and state university,doctor of education,adult continuing education,1990
91,ethics and the principalship,anthony j oliveira,wayne m worner,virginia polytechnic institute and state university,doctor of education,educational administration,1990
92,the recruitment and retention of african american students in vocational teacher education,lillie mae anderton,f marion,virginia polytechnic institute and state university,doctor of education,vocational and technical education,1990
93,optical fiber modal domain sensors for dynamic strain measurement,kd bennett,ro claus,virginia polytechnic institute and state university,doctor of philosophy,electrical engineering,1990
94,an investigation of the relationship between playfulness and selfesteem,susan semaniclauth,,virginia polytechnic institute and state university,doctor of philosophy,family and child development,1990
95,towards a culturally identifiable architecture,chianyeun chang,joseph wang,virginia polytechnic institute and state university,doctor of philosophy,environmental design and planning architecture,1990
96,experimental study of earth pressures on retaining structures,allen lee sehn,,virginia polytechnic institute and state university,doctor of philosophy,civil engineering,1990
97,transient moisture effects on the viscoelasticity of synthetic fibers and composites,zhiqiang wang,,virginia polytechnic institute and state university,doctor of philosophy,engineering mechanics,1990
98,environmental influence on postemergence chemical control of crabgrass digitaria spp in turf,william john chism,s wayne bingham,virginia polytechnic institute and state university,doctor of philosophy,weed science,1990
99,the effect of surface modification on the crystal growth of iron oxides,thomas f barton,john g dillard,virginia polytechnic institute and state university,doctor of philosophy,chemistry,1990
100,synthesis of welldefined single and multiphase polymers using various living polymerization methods,joseph m desimone,,virginia polytechnic institute and state university,doctor of philosophy,chemistry,1990
101,eleventh and twelfth century latin epigram,priscilla ann miner,,university of california,doctor of philosophy,comparative literature,1970
102,a program verifier,james cornelius king,,,doctor of philosophy,computer science carnegiemellon,1969
103,the jews in mexico a history with special emphasis on the period from 1857 to 1930,corinne azen krause,,university of pittsburgh,doctor of philosophy,arts and sciences,1970
104,representations of finitely generated nilpotent groups,ian d,,yale university,doctor of philosophy,,1970
105,structural and molecular orbital studies of carboranes,thomas frederick koetzle,,harvard university,doctor of philosophy,chemistry,1969
106,nonlinear combustion instability in liquid propellant rocket engines,eugene alexander powell,,georgia institute of technology,doctor of philosophy,aerospace engineering,1970
107,visual masking and the temporal course of lateral inhibition in the human visual system,charles wayne white,,stanford university,doctor of philosophy,psychology,1970
108,financing medical care a welfare economics analysis,irwin garfinkel,,university of michigan,doctor of philosophy,special work and economics,1970
109,an analysis of the quality characteristics of markovian systems,ronald lessing,,university of maryland,doctor of business administration,,1970
110,experiments on the internal intermittency in turbulent flow,albert yishuong kuo,,the johns hopkins university,doctor of philosophy,,1970
111,,david hudson corkran iii,,university of california,doctor of philosophy,history,1970
112,,herbert alexander franklin,,university of california,doctor of philosophy,engineering,1970
113,physicalorganic studies of organotin compounds,victor seth krimsley,,university of california berkeley,doctor of philosophy,chemistry,1970s
114,the french chanson in the fourteenth century,margaret paine hasselman,,university of california,doctor of philosophy,music,1970
115,the compact euclidean space forms of dimension four,ronald dorian levine,,university of california,doctor of philosophy,mathematics,1970
116,the equilibrium and stability of the gaseous component of the galaxy,sanford alan kellman,,university of california,doctor of philosophy,astronomy,1970
117,rate of convergence and optimality properties of root finding and optimization algorithms,arthur ira cohen,,university of california,doctor of philosophy,engineering,1970
118,control structures for programming languages,david a fisher computer science,,,doctor of philosophy,,
119,physicochemical model analysis for compressibility of pure clay,bilgin erel,,,doctor of philosophy,civil engineering,1970
120,american expansionist sentiment and the annexation of hawaii,george frankling pearce,,,doctor of arts,history,
121,an analysis of the instruction execution rate in certain computer structures,william daniel strecker,,,doctor of philosophy,electrical engineering,
122,andrew johnsons veto of the first reconstruction act,angel luis ortizgarcia,,,doctor of arts,history,
123,solution of a class of floor plan design problems,john grason,,,doctor of philasophy,electrical engineering systems and communication sciences,
124,mortality patterns of a group of retired asbestos workers,pierre decoufle,,university of pittsburgh,doctor of science,hygiene,1970
125,novelty as reinforcement for children,marian monyok wilson,,university of pittsburgh,doctor of philosophy,arts and sciences,1970
126,an analysis of the shorthand textbook used in american high schools prior to 1900,thomas paul bicanich,,university of pittsburgh,doctor of education,education,1970
127,a study of the street academy program in pittsburgh,charles allen,,university of pittsburgh,doctor of education,education,1970
128,developing body image and skills of orientation mobility and social competence in preschool multiply handicapped blind children,mary eva welfer moore,,university of pittsburgh,doctor of philosophy,education,1970
129,an analysis of the distressed school district commonwealth of pennsylvania,john j cairns,,university of pittsburgh,doctor of education,education,1970
130,utilization and views of available health care among residents in three poverty neighborhoods in pittsburgh pennsylvania,earl donald hollander,,university of pittsburgh,doctor of philosophy,social work,1970
131,class numbers of positive definite quaternary forms,paul ponomarev,,yale university,doctor of philosophy,,1970
132,rational data for isomorphism of lie algebras bruce n,,,yale university,doctor of philosophy,,1970
133,heat as a probe of superfluid helium flow,richard s payne,,yale university,doctor of philosophy,,1970
134,the medieval muslim attitude toward youth hasan,,,yale university,doctor of philosophy,,1970
135,the role of cellular adhesiveness in amphibian gastrulation,kurt e johnson,,yale university,doctor of philosophy,,1970
136,lasparagine biosynthesis and its control,,,yale university,doctor of philosophy,,1970
137,the normative and empirical implications of the budgetary processes of four mediumsize cities david,,,yale university,doctor of philosophy,,1970
138,the relation of automatization to the reading process in children and adolescents,charles h drake,,harvard university,doctor of education,education,1970
139,,alan hunt bates,,harvard university,doctor of philosophy,chemistry,1970
140,structural and molecular orbital studies of carboranes,thomas frederick koetzle,,harvard university,doctor of philosophy,chemistry,1969
141,stereoselectivity in the thermal rearrangement of an optically active methylenecyclobutane,eric thor fossel,,harvard university,doctor of philosophy,chemistry,1970
142,kinematics and dynamics of reactive collisions,peter emil siska,,harvard university,doctor of philosophy,chemistry,1969
143,a study of flow conditions in shaft spillways,yusuf g mussalli,,georgia institute of technology,doctor of philosophy,civil engineering,1969
144,the reaction of atomic oxygen with organic compounds,arthur joseph mosher,,georgia institute of technology,doctor of philosophy,chemistry,1970
145,nonlinear combustion instability in liquid propellant rocket engines,eugene alexander powell,,georgia institute of technology,doctor of philosophy,aerospace engineering,1970
146,the effects of partially coherent radiation on the performance of an optical heterodyne receiver,charles franklin,,georgia institute of technology,doctor of philosophy,electrical engineering,1970
147,kinetics of aerobic utilization of mixed sugars by heterogeneous microbial populations,sambhunath ghosh,,georgia institute of technology,doctor of philosophy,civil engineering,1969
148,composition of group ii organometallic and metal hydride compounds in ether solvents,james robinson sanders,,georgia institute of technology,doctor of philosophy,chemistry,1969
149,commodity market dynamics a systems analysis of fundamental relationships,robert davis landel,,georgia institute of technology,doctor of philosophy,industrial and systems engineering,1969
150,spatial sampling and filtering in nearfield measurements,edward bennett joy,,georgia institute of technology,doctor of philosophy,electrical engineering,1970
151,a dream of property the theme of identity in anthony trollopes first seven novels,john robert crull burroughs,,stanford university,doctor of philosophy,english,1970
152,microwave enhanced superconductivity,kenneth wayne shepard,,stanford university,doctor of philosophy,physics,1970
153,adaptive least squares optimization subject to linear equality constraints,otis lamont frost iii,,stanford university,doctor of philosophy,electrical engineering,1970
154,enzymic and acid cyclizations of squalene oxide analogs,robert paul hanzlik,,stanford university,doctor of philosophy,chemistry,1970
155,on the cognitive structure of noun phrases memory for prenominal adjectives in ordinary english sentences,gary monroe olson,,stanford university,doctor of philosophy,psychology,1970
156,visual masking and the temporal course of lateral inhibition in the human visual system,charles wayne white,,stanford university,doctor of philosophy,psychology,1970
157,lexical and morphological aspects of american italian in san francisco,,,stanford university,doctor of philosophy,linguistics,1970
158,substituted piperazines as potential schistosomicides,carmon maria mercado,,university of michigan,doctor of philosophy,,1970
159,thermolysis of lithium cyclobutoxides,krishnan sundaresan,,university of michigan,doctor of philosophy,,1970
160,educational administration and educational data processing the first decade a descriptive study of selected michigan schools,george babich sr,,university of michigan,doctor of philosophy,,1970
161,modality and self reference,gunnar wayne niemi,,university of michigan,dector of philosophy,,1970
162,nonbreeding surplus and population structure of the redwinged blackbird agelaius phoeniceus,louis joseph laux,,harvard university,doctor of philosophy zoology,,1970
163,infrared internal reflectance spectroscopic studies of the surface chemistry of activated carbon,james stewart mattson,,university of michigan,doctor of philosophy,,1970
164,portfolio balance growth and longrun balanceofpayments adjustment,john elliott morton,,university of michigan,doctor of philosophy,,1970
165,hydrogenation of alphamethylstyrene in a tricklebed reactor employing a nonporous catalyst,albert russell hoge,,university of maryland,doctor of philosophy,,1970
166,ionospheric parameters deduced from langmuir probe measurements,frank tsungchien huang,,university of maryland,doctor of philosophy,,1970
167,relationship between slow drift and smooth pursuit eye movements,robert jesse cunitz,,university of maryland,doctor of philosophy,,1970
168,ultrasonic investigation of strong coupling superconductivity in lead,richard lee sebastian,,university of maryland,doctor of philosophy,,1970
169,thermal reorganizations of isopropenylcycloheptatrienes studies of homoconjugation,douglas warren reichard,,university of maryland,doctor of philosophy,,1970
170,analysis of cyclotrontype electric lenses and the effects of posts,chang sun han,,university of maryland,doctor of philosophy,,1970
171,an analysis of the quality characteristics of markovian systems,ronald lessing,,university of maryland,doctor of business administration,,1970
172,photochemical cistrans isomerization of bstyrylferrocene,natalia pisker trifunac,,california institute of technology,doctor of philosophy,,1969
173,paranormal operators on a hilbert space,glenn richard luecke,,california institute of technology,doctor of philosophy,,1970
174,tunneling in schottky barriers,gerhard h parker,,california institute of technology,doctor of philosophy,,1969
175,part i kinetics of coarsening of the gammaprime percipitate in nickelsilicon alloys part ii rate of crystallization of an amorphous fepc alloy,prabhat kumar rastogi,,california institute of technology,doctor of philosophy,,1970
176,an experimental study of the mobility of edge dislocations in pure copper single crystals,kenneth mark jassby,,california institute of technology,doctor of philosophy,,1969
177,filtering nmr spectra,george arthur petersson,,california institute of technology,doctor of philosophy,,1970
178,experimental study of satallite wakes in a simulated ionospheric plasma,donald lawrence blumenthal,,california institute of technology,doctor of philosophy,,1970
179,subcellular localization of glutamic acid and other 3hamino acids in cerebral cortical slices of the rat,michael j kuhar,,jonns hopkins university,doctor of philosophy,,1970
180,formal characteristics of speech which mothers address to their young children,juliet r phillips,,johns hopkins university,doctor of philosophy,,1970
181,experiments on the internal intsrmittency in turbulent flow,albert yishuong kuo,,the johns hopkins university,doctor of philosophy,,1970
182,exchange interaction model of ferromagnetism,hsinhsiung chen,,jokns hopkins university,doctor of philosophy,,1970
183,racial and social class differences in the play of a parentchild simulation game,paul t mcfarlane,,johns hopkins university,doctor of philosophy,,1970
184,iv the decomposition of nnitrosoketimines,john paul anhalt,,johns hopkins university,doctor of philosophy,,1970
185,an analytical treatment of twophase flow during infiltration,richard lee brustkern,,colorado state university,doctor of philosophy,,1970
186,diphenylmethylbishydroperoxide an anomalous product from the ozonolysis of tetrapheny lethy lene,william john verzino,,colorado state university,doctor of philosophy,,1970
187,polonium210 in soils and plants,wayne richard hansen,,colorado state university,doctor of philosophy,,1970
188,dissertation kinetics of the cerium ivvanadium iv reaction in aqueous perchloric acid solution,robert leighton taylor,,colorado state university,doctor of philosophy,,1970
189,interaction in twoway classifications without replication,dallas eugene johnson,,colorado state university,doctor of philosophy,,1970
190,filters with minimum amplifier sensitivity,dashamir m petrela,,colorado state university,doctor of philosophy,,1971
191,visible cw optical parametric oscillators,james forrest young,,stanford university,doctor of philosophy,electrical engineering,1969
192,adaptive least squares optimization subject to linear equality constraints,otis lamont frost iii,,stanford university,doctor of philosophy,electrical engineering,1970
193,a crosscultural comparison of vietnamese and american value systems,tran nhu chuong,,university of south florida,doctor of philosophy,psychology,1976
194,studies involving thienopyridine and thienopyrazine analogs of biologically active molecules,fred wayne clough,,university of south florida,doctor of philosophy,chemistry,1976
195,academic advising an approach to evaluation,harriet c seligsohn,,university of south florida,doctor of philosophy,education,1976
196,on generalizations of continuity,david alon rose,,university of south florida,doctor of philosophy,mathematics,1977
197,energy transfer and kinetic studies of electrochemiluminescence of aromatic hydrocarbons,thomas david santa cruz,,university of south florida,doctor of philosophy,,1976
198,the effects of textbook instruction manipulatives and imagery on recall of the basic multiplication facts,james h babb,,university of south florida,doctor of philosophy,education,1975
199,contributions to the existence and stability of solutions to nonlinear volterra integral equations,james r ward,,university of south florida,doctor of philosophy,mathematics,1975
200,conduction mechanisms in low breakdown voltage silicon pn junctions,wieslaw,,university of florida,doctor of philosophy,,1974
201,spatial thought and verbal ability in children retarded in reading,graham richardson,,,doctor of philosophy,,1979
202,late quaternary lakes in the ziwayshala basin southern ethiopia,miss frances alayne,,,doctor of philosophy,,1979
203,from shaykuisu to babism a study in charismatic renewal in shīcī islam,,,university of cambridge,,oriental studies,
204,a genetic analysis of maturation in tomatoes in terms of components of earliness,robert r corbeil,,university of toronto,doctor of philosophy,,1964
205,flow of low density air over,,,university of toronto,doctor of philosophy,,1964
206,statistical theory of selection selection problems,jarnail singh,,university of toronto,doctor of philosophy,,1963
207,nonlinear feedback configurations in the theory of invariance,mostafa ahmed hassan,,university of toronto,doctor of philosophy,electrical engineering,1963
208,mental forms creating a study in blakes thought and symbols,edward j rose,,university of toronto,doctor of philosophy,,1963
209,a factor analytic model for longitudinal data,clement dassa,,university of toronto,doctor of philosophy,educational theory,1979
210,effects of stimulation and suppression of the hippocampus on learning and memory,mauro caudarella,,university archives university of toronto,doctor of philosophy,psychology,
211,the development of new ultrasonic imaging techniques for the early detection of breast cancer,francis stuart foster,,university of toronto,doctor of philosophy,medical biophysics,1979
212,work and family in a contemporary urban industrial society an analysis of of canadian data,c muhammad siddique,,university of toronto,doctor of philosophy,sociology,1980
213,baryon decay in the quark model,roman koniuk,,university of toronto,doctor of philosophy,physics,1980
214,selective chemical modification of polysaccharides,mansur yalpani,,university of british columbia,doctor of philosophy,chemistry,1980
215,transitivity identity conservation and equivalence conservation of a solid continuous quantity,gary keith humphrey,,university of british columbia,master of arts,psychology,1975
216,maximum likelihood identification of linear discretetime systems,michel de glas,,university of british columbia,master of applied science,electrical engineering,1976
217,squamish socialization,joan ryan,,university of british columbia,doctor of philosophy,anthropology and sociology,1974
218,studies in the synthetic utility of the dianion of bketoesters,stuart nicholas huckin,,university of british columbia,doctor of philosophy,chemistry,1974
219,superconductivity in thin films,ram das chaudhari,,university of british columbia,doctor of philosophy,physics,1963
220,the development of a stand model for douglas fir,r m newnham,,university of british columbia,doctor of philosophy,forestry,1964
221,extensions of rings and modules,kim lin chew,,university of british columbia,doctor of philosophy,mathematics,1965
222,dynamics of a theta pinch discharge in a transverse magnetic field,william leung lee,,university of british columbia,doctor of philoscphy,physics,1966
223,synthetic studies in indole alkaloids,constantine gletsos diploma chem,,university of british columbia,doctor of philosophy,chemistry,1969
224,design of a distributed unix kernel and its modelling in csp trevor,,,university of melbourne,doctor of philosophy,computer science,1984
225,earth science in the scientific revolution 16001728,,,university of melbourne,doctor of philosophy,history philosophy of science,1985
226,landscape of desire and menace a literary study of medieval french garden imagery,mary luserna flintoft,,university of melbourne,doctor of philosophy,,1981
227,the formation of the music criticism of hector berlioz 18231837,kerry rosaleen murphy,,music of melbourne university,doctor of philosophy,,1984
228,wave propagation in density stratified fluids,john anthony gear,,university of melbourne,doctor of philosophy,mathematics,1984
229,polyketide quinones,peter james chalmers,,university of melbourne,doctor of philosophy,organic chemistry,1983
230,the development of the art of arnold shore,roger dedman,,,doctor of philosophy,,1984
231,moral development in early childhood,rosemary anne milne,,university of melbourne,doctor of philosophy,,1984
232,a study of new safaitic inscriptions from jordan by vincent a clark,,,,doctor of philosophy,,1979
233,explorations in curiosity breadth and depth of interest curiosity styles,,,university of melbourne,doctor of philosophy,,1985
234,the theory of international trade in captial goods,murdo alesdair macdonald smith,,university of oxford,,,1973
235,constructive mathematics its set theory and practice douglas sutherland bridges,,,university of oxford,doctor of philosophy,,1974
236,instabilities in interstellar space,david leslie giaretta,,university of oxford,doctor of philosophy,,1977
237,organic photochemistry,michael thompson,,university of oxford,doctor of philosophy,,1978
238,studies in relaxation,savas hadjipavlou,,oxford university,doctor of philosophy,,1978
239,some problems in probability theory,wilfrid s kendall,,university of oxford,doctor of philosophy,,1979
240,then i saw a new heaven and a new earth the first heaven and the first earth had disappeared now and there was no longer any sea revelation,andrew stove,,,doctor of philosophy,,1980
241,diffraction properties of deformed copper single crystals,,,oxford university,doctor of philosophy,,1980
242,studies of disorder in fastionics and of a nuclear quadrupole interaction in ordered magnets,,,oxford university,doctor of philosophy,theoretical physics,1980
243,an analysis of discretisation methods for ordinary differential equations,neil pitcher,,,,,1980
244,a history of culture contact in northeastern new caledonia 17741870,bronwen douglas,,australian national university,doctor of philosophy,,1972
245,pollen sedimentation in relation to the quaternary vegetation history of the snowy mountains of new south wales,ji raine,,australian national university,doctor of philosophy,,1974
246,taim bilong bipo investigations towards a prehistory of the papuanew guinea highlands,,,australian national university,doctor of philosophy,,1967
247,yuan sanqu a study of the prosody and structure of xiaoling contained in the sanqu anthology yangchun baixue compiled,kurt werner radtke,,australian national university,doctor of philosophy,,1974
248,the origins of the national front for the liberation of south vietnam,carlyle alan thayer,,australian national university,doctor of philosophy,pacific studies,1977
249,the demography of a thai village methodological considerations and substantive conclusions from field study in a central plains community,donald j lauro,,australian national university,doctor of philosophy,social sciences,
250,the getting of data a case study from the recent industries of australia,lan johnson,,australian national university,doctor of philosophy,,1979
251,some aspects of santa barbara channel prehistory,robert linville hoover,,university of california,doctor of philosophy,anthropology,
252,the spatial dynamics of financial intermediaries an interpretation of the distribution of financial decisionmaking in canada,william robert code,,university of california,doctor of philosophy,,1971
253,the performance of the basso continuo in seventeenth century italian music,tharald borgir,,university of california,doctor of philosophy,music,1971
254,the role of foreign contributions in japanese capital formation 18681936 with special reference to the period 19041914,bernard merril key,,university of california,doctor of philosophy,economics,
255,the early sculpture of picasso 19011914,ronald william johnson,,university of california berkeley,doctor of philosophy,history,
256,a class of topologically free locally convex spaces and related group hopf algebras,,,university of california,doctor of philosophy,mathematics,1972
257,exploring the auditory aspects of aptitude for intensive modern foreign language learning,antoine rashid alhaik,,university of california,doctor of philosophy,education,1972
258,,soledad masangkay borromeo,,university of california,doctor of philosophy,history,
259,comparative ecology of ant communities in mediterranean regions of california and chile,james howell hunt,,university of california,doctor of philosophy,zoology,
260,ii ab initio studies on bishomocubane and related compounds,john wilmot vinson,,university of california,doctor of philosophy,chemistry,
261,an exploration of c g jungs psychological types as predictors of creativity and selfactualization,mary caroline tuttle,,university of california,doctor of philosophy,education,1971
262,orientation to the social and physical environment possible implications for the intellectual development of preschool children,kay donahue jennings,,university of california,doctor of philosophy,psychology,
263,university reform in latin america a case study of the university of valle cali colombia,robert saunderson wickham,,university of california,doctor of philosophy,education,
264,an empirical typology of college womens personal role conceptions,robert lawrence fisher,,university of california,doctor of philosophy,psychology,
265,the use of ideal models in covert rehearsal to influence selfconcept,ricky alan sarkisian,,university of california,doctor of philosophy,education,
266,potential effects of income redistribution on economic growth constraints evidence from taiwan and south korea,dennis leslie chinn,,university of california,doctor of philosophy,economics,
267,,john cromwell mather,,university of california,doctor of philosophy,physics,
268,delinquency and crime prevention via diversion of juveniles and delinquents from incarceration,james w russell,,university of california,doctor of criminology,,1969
269,the effect of semantic interference on a black childs reading comprehension,clifford carter,,university of california,doctor of philosophy,education,
270,theoretical studies of some nonlinear laserplasma interactions,bruce ira cohen,,university of california,doctor of philosophy,physics,1975
271,investigation of recovery times in the electrical discharge machining process and the consequences of the influence of the recovery time on the time between discharges,eugene william bartel,,,doctor of philosophy,electrical engineering,1971
272,,guillermo e pareja,,carnegie mellon university,doctor of philosophy,chemical engineering,
273,statistical mechanics of onedimensional excludedvolume problem and polymer chain,paul poryuan wang,,carnegie mellon university,,physics,
274,thermal aspects of grinding,wolfgang joachim sauer,,,doctor of philosophy,mechanical engineering,
275,spatial stability of pipe poiseuille flow to infinitesimal disturbances,vijay k garg,,,,mechanical engineering,1971
276,the specific heat and residual resistivity of binary and ternary noble metal alloys,thomas h davis,,carnegie mellon university,doctor of philosophy,physics,1971
277,municipal organization for public health in pittsburgh 18511895,jacqueline karnell corn,,,doctor of arts,history,
278,a literaturefocused humanities unit for the senior high school its development and evaluation,dorothy m hill,,,,,1972
279,an investigation of alkali metal derivatives of germane and some new fluorosilyl compounds,lawrence h marcus,,carnegie mellon university,doctor of philosophy,chemistry,1972
280,lateral buckling of curved plate girders,paul f mcmanus,,,doctor of philosophy,civil engineering,
281,selective membrane transport charles f reusch,,,,doctor of philosophy,,
282,standard modules in product design,timothy shaftel,,carnegie mellon university,,industrial administration operations research,
283,the reaction of dicyanoacetylene with atomic oxygen and active nitrogen studied in a flow system with mass spectrometric detection,ralph h obenauf,,,doctor of philosophy,chemistry,
284,exploration of the design space for register transfer systems,mario roberto barbacci,,,doctor of philosophy,computer science,
285,entrance pressure losses for inelastic newtonian and nonnewtonian fluids,stephen e kaye,,,doctor of philosophy,chemical engineering,
286,protection in programmed systems,anita katherine jones,,,doctor of philosophy,computer science,
287,a study of the use of polarization functions in molecular orbital calculations on organic compounds,p c hariharan,,carnegie mellon university,doctor of philosophy,chemistry,1973
288,on synchronization primitive systems,richard j lipton,,,doctor of philosophy,computer science carnegiemellon,
289,an implementation of the boundaryintegral technique for planar problems in elasticity and elastoplasticity peter,,,carnegie institute of technology carnegiemellon university,doctor of philosophy,mechanical engineering,1973
290,global program optimizations,charles matthew geschke,,,doctor of philosophy,computer science carnegiemellon,
291,,henry l pollak,,university of pittsburgh,,arts and sciences,1971
292,electrodeless conductance measurements using toroidal inductors,robert,,university of pittsburgh,doctor of philosophy,arts and sciences,1971
293,micellar catalysis in phosphonate ester hydrolysis,eugene p mazzola,,university of pittsburgh,doctor of philosophy,arts and sciences,1971
294,god and ethics a study in moral philosophy and the philosophy of religion,robert n van wyk,,university of pittsburgh,doctor of philosophy,arts and sciences,1971
295,comparative study of related health fertility attitudes and behavior of families residing in a poverty area pittsburgh 1969,william h spillane,,university of pittsburgh,doctor of philosophy,social work,1971
296,full wave solution for the transmission of ulf and elf waves through the ionosphere,d lynn shaeffer,,university of pittsburgh,doctor of philosophy,arts and sciences,1971
297,residential mobility of selected school families in pittsburgh pennsylvania 19661969,leonard p tepper,,university of pittsburgh,doctor of philosophy,arts and sciences,1971
298,information processing in lastc and applied science an exploratory study at the tnlerpace of the sociology of science and information science,daniel james amick,,university of pittsburgh,doctor of philosophy,arts and sciences,1970
299,the pennsylvania parole systema costbenefit analysis,louis michael sesnowitz,,university of pittsburgh,doctor of philosophy,arts and sciences,1971
300,a tagmemic approach to certain thai clauses,patamaka patamapongse,,university of pittsburgh,doctor of philosophy,arts and sciences,1971
301,interinstitutional cooperation a descriptive and evaluative analysis of its status and potentiality in the commonwealth of pennsylvania 197071,william g kaliden,,university of pittsburgh,doctor of philosophy,education,1971
302,the impact of the government policy on the development of education in the first republic of korea 19481966,byung sook choe,,university of pittsburgh,doctor of philosophy,education,1971
303,structure and creativity in early childhood education,janet elizabeth weaver,,university of pittsburgh,doctor of philosophy,education,1971
304,a study of procedures and rationale employed in the development of budgets for audiovisual instructional materials in selected public school districts of pennsylvania,leslie p gottardi,,university of pittsburgh,doctor of education,education,1971
305,facilitation and retardation of instrumental appetitive learning by prior pavlovian aversive conditioning,edward,,university of pittsburgh,doctor of philosophy,arts and sciences,1971
306,similarities and differences between awardees and nonawardees in the pennsylvania higher education assistance agency scholarship program 197071,richard russell mellott,,university of pittsburgh,doctor of education,education,1971
307,nuclear magnetic resonance studies of icosahedral carboranes and selected icosahedral carborane derivatives,thomas e fielding,,university of pittsburgh,doctor of philosophy,arts and sciences,1971
308,effectiveness of the pittsburgh junior achievement program in changing attitudes of participating students toward business and work,william,,university of pittsburgh,doctor of education,education,1971
309,the effects of reinforcement procedures on negative behaviors in delinquent girls,joseph pavlot,,university of pittsburgh,doctor of philosophy,education,1971
310,elaboration of fused ring systems by the agency of βchloroethyl vinyl ketone,lantz s crawley,,university of pittsburgh,doctor of philosophy,arts and sciences,1970
311,the ecology of the molluscs of thalassia communities jamaica west indies,jeremy bradford cook jackson,,yale university,doctor of philosophy,,1971
312,the techniques of softening eta hoffmanns presentation of the fantastic,william swann,,yale university,doctor of philosophy,,1971
313,crania and dentitions of archaeolemurinae lemuroidea primates,lan tattersall,,yale university,doctor of philosophy,,1971
314,studies on waves in elasticviscoplastic media,paul e zannis diploma mech eng national,,yale university,doctor of philosophy,,1971
315,acoustic velocities and energy losses in granular aggregates,carol coke pilbeam,,yale university,doctor of philosophy,,1971
316,optimal niche space of the redwinged blackbird,raleigh j robertson,,yale university,doctor of philosophy,,1971
317,the effects of two types of success and failure on childrens discrimination learning and evaluations of performance elizabeth s meid,,,yale university,doctor of philosophy,,1971
318,surface diffusion and its dependence on surface water by ralph tzubow yang,,,yale university,doctor of philosophy,,1971
319,the dispersion of the nonlinear optical susceptibility of some wurtzite and zincblende semiconductors,frederick george parsons,,yale university,doctor of philosophy,,1971
320,semiclassical theory applied to vibrationally inelastic scattering in three dimensions,michael alan wartell,,yale university,doctor of philosophy,,1971
321,adaptive behavior and speculative price formation,anthony pappas,,yale university,doctor of philosophy,,1971
322,raman scattering in liquid helium and rotonroton interactions joseph woongsang yau 1971,,,yale university,doctor of philosophy,,
323,some aspects of the ecology of limnetic zooplankton in lake wononskopmuc connecticut,stephen jay warshaw,,yale university,doctor of philosophy,,1971
324,videotape and the attribution process changing actors and observers points of view michael d storms,,,yale university,doctor of philosophy,,1971
325,structural biochemical and physiological aspects of photomorphogenesis in fern gametophytes,gary p howland,,yale university,doctor of philosophy,,1971
326,,bruce stanley schneider,,yale university,doctor of philosophy,,1971
327,estimating a general disequilibrium model of the financial sector,gary smith,,yale university,doctor of philosophy,,1971
328,the effect of reserpine on macromolecular synthesis and the repletion of biogenic amines,paul v scott,,yale university,doctor of philosophy,pharmacology,1971
329,adsorption at the mercuryaqueous solution electrical double layer,alan r sears,,yale university,doctor of philosophy,,1971
330,an experimental investigation of spherical cap bubbles in liquids,robert e sundell,,yale university,doctor of philosophy,,1971
331,the aromatization of dewar benzene a mechanistic study,david george shaw,,harvard university,doctor of philosophy,chemistry,1971
332,mechanism of fluoroalkene cycloaddition and oclactone chemistry,robert clayton wheland,,harvard university,doctor of philosophy,chemistry,1970
333,transition metal complexes with organosilylamines,chang hwan kim,,harvard university,doctor of philosophy,chemistry,1971
334,microwavemicrowave double resonance investigations of collisional transfer of rotational energy,jonathan brewer cohen,,harvard university,doctor of philosophy,chemistry,1971
335,the relationship of classroom racial composition to student academic achievement and the conditioning effects of interracial social acceptance,ralph g lewis,,harvard university,doctor of education,education,1971
336,,lewis david williams,,harvard university,doctor of philosophy,chemistry,1970
337,photometry of elliptical galaxies in multiple systems,sandra moore faber,,harvard university,doctor of philosophy,astronomy,1971
338,a gasčerenkov telescope experiment to observe cosmic gamma rays,jeffrey alan hoffman,,harvard university,doctor of philosophy,astronomy,1971
339,new applications of organometallic reagents in organic synthesis a stereospecific total synthesis of αsantalol,herbert andrew kirst,,harvard university,doctor of philosophy,chemistry,1971
340,,,,harvard university,doctor of philosophy,chemistry,1972
341,the reactions of methylone with isobutane and cyclopropane,barbara breidenbach saunders,,harvard university,doctor of philosophy,,1972
342,interactions of cosmic rays with hydromagnetic waves in the galaxy,catherine jeanne cesarsky,,harvard university,doctor of philosophy,astronomy,1971
343,the eight year study origins impact and implications,neil kurshan,,harvard university,doctor of education,education,1973
344,improving investment performance and the role of fixedincome securities,chairman robert glauber william white dwight crane,,harvard university,doctor of business administration,,
345,the process of program initiation at the federal level papers on the national foundation for postsecondary education,charles i bunting,,harvard university,doctor of education,education,1973
346,intramolecular catalysis in the hydrolysis of some phosphonate esters,lorna joan williamson,,harvard university,doctor of philosophy,chemistry,1973
347,the dissonant design john ford and the art of tragedy,steven alen schneider,,harvard university,doctor of philosophy,english,1973
348,the role of the assistant academic vice president saint louis university197273 an analysis of an intervention 400 project w patrick dolan a final report,,,harvard university,doctor of education,,1973
349,pedagogy for peace and nonviolence,,,harvard university,doctor of education,education,1974
350,stereoselectivity in the thermal rearrangement of optically active cyclobutanes,antonietta rose mastrocola,,harvard university,doctor of philosophy,chemistry,1974
351,metal hydride reduction of ketones stereochemistry and kinetics,james ronald boone,,georgia institute of technology,doctor of philosophy,chemistry,1974
352,thermally induced flow instabilities in twophase mixtures in thermal equilibrium,mamoru ishii,,georgia institute of technology,doctor of philosophy,mechanical engineering,1971
353,the kinetics and mechanism of nucleophilic substitution on 9substituted6chloropurines,don benton weser,,georgia institute of technology,doctor of philosophy,chemistry,1971
354,kinetics of iodination of methyl substituted benzenes,john murray,,georgia institute of technology,doctor of philosophy,chemistry,1971
355,gasliquid phase equilibria in the heliumcarbon tetrafluoride and heliumchlorotrifluoromethane systems at low temperatures and 20120 atmospheres,yo kil yoon,,georgia institute of technology,doctor of philosophy,chemical engineering,1971
356,thermofluid dynamics of separated twophase flow,gunol kocamustafaogullari,,georgia institute of technology,doctor of philosophy,mechanical engineering,1971
357,the steadystate theory of ignition of flowing gaseous mixtures,alexandros costas alkidas,,georgia institute of technology,doctor of philosophy,mechanical engineering,1972
358,kinetic study on the nucleophilic substitution of purines,alvaro abidaud,,georgia institute of technology,doctor of philosophy,chemistry,1971
359,the chemistry of endo triazolines,robert howard hill,,georgia institute of technology,doctor of philosophy,chemistry,1972
360,a theoretical study of nonlinear longitudinal combustion instability in liquid propellant rocket engines,manuel edward lores,,georgia institute of technology,doctor of philosophy,aerospace engineering,1972
361,the photochemistry of azafulvenes,joseph peter sanchez,,georgia institute of technology,doctor of philosophy,chemistry,1972
362,substituent effect on photochemical rearrangements of crossconjugated cyclohexadienones related to indanone,ming ko,,georgia institute of technology,doctor of philosophy,chemistry,1972
363,the role of sediment gradation on channel armoring,william campbell little,,georgia institute of technology,doctor of philosophy,civil engineering,1972
364,measurement of steadystate space dependent thermal neutron spectra in beryllium,james alan lake,,georgia institute of technology,doctor of philosophy,nuclear engineering,1972
365,experimental determination of threedimensional liquid rocket nozzle admittances,william alvin bell,,georgia institute of technology,doctor of philosophy,aerospace engineering,1972
366,,william marshall leach,,georgia institute of technology,doctor of philosophy,electrical engineering,1972
367,short range order and development of long range order in nickel 20 atomic percent molybdenum alloy,bhaven chakravarti,,georgia institute of technology,doctor of philosophy,chemical engineering,1973
368,lubricant rheology at high shear stress,jérgen jakobsen,,georgia institute of technology,doctor of philosophy,mechanical engineering,1973
369,adsorption on activated carbon of methane ethane and ethylene gases and their mixtures and carbon dioxide,ricardo reich,,georgia institute of technology,doctor of philosophy,chemical engineering,1974
370,thermally induced twophase flow instabilities including the effect of thermal nonequilibrium between the phases,pradip saha,,georgia institute of technology,doctor of philosophy,mechanical engineering,1974
371,accommodation in computer vision,jay martin tenenbaum,,stanford university,doctor of philosophy,electrical engineering,1976
372,,olasope oyediji oyelaran,,stanford university,doctor of philosophy,linguistics,1970
373,bilinear programming,hiroshi konno,,stanford university,doctor of philosophy,,1971
374,pricelevel changes and the inventory policy of the firm,claude machline,,stanford university,doctor of philosophy,,1971
375,contributions to the simplex code conjecture,robert michael tanner,,stanford university,doctor of philosophy,electrical engineering,1970
376,the petrology and petrography of the volcanic sequence associated with the superstition caldera superstition mountains arizona,john s stuckless,,stanford university,doctor of philosophy,,1971
377,poisson approximation for sums of dependent bernoulli random variables,,,stanford university,doctor of philosophy,statistics,1971
378,finance in a development context lessons from west germany,edward john ray,,stanford university,doctor of philosophy,economics,1972
379,ddt residues in coastal marine phytoplankton and their transfer in pelagic food chains,james leslie cox,,stanford university,doctor of philosophy,,1971
380,economies of scale in financial intermediation a statistical investigation of california savings and loan associations,corwin daniel vencill april,,stanford university,doctor of philosophy,economics,1971
381,ecological studies on the butterfly euphydryas editha,michael christopher singer may,,stanford university,doctor of philosophy,,1971
382,optimization of price and quality in service systems,john g,,stanford university,doctor of philosophy,,1970
383,the mineralogy and geochemistry of the tungsten deposits of the black rock mine area mono county california,james edward elliott march,,stanford university,doctor of philosophy,,1971
384,computational methods for the synthesis of rotarywing vtol aircraft control systems,wilton earl hall jr august,,stanford university,doctor of philosophy,aeronautics,1971
385,influence of resource distribution and abundance on butterfly population structure,lawrence edmund gilbert jr may,,stanford university,doctor of philosophy,,1971
386,applications of the theory of optimal control of distributedparameter systems to structural optimization,,,stanford university,doctor of philosophy,aeronautics,1971
387,tectonic significance of geophysical investigations in southwestern arizona and northwestern sonora mexico at the head of the gulf of california,john randolph sumner,,stanford university,doctor of philosophy,geophysics,1971
388,four studies in phenomenology and pragmatism,michael hermann sukale may,,stanford university,doctor of philosophy,,1971
389,a study of the realtime control of a computerdriven vehicle,rodney albert schmidt jr may,,stanford university,doctor of philosophy,electrical engineering,1971
390,bayesian expert resolution,peter alan morris may,,stanford university,doctor of philosophy,,1971
391,memory codes revealed by response latencies,lee frederick decoster,,university of michigan,doctor of philosophy,psychology,1971
392,the reverend bernard harrington assistant superintendent of schools archdiocese of detroit,john archie thomas,,university of michigan,doctor of philosophy education,,1971
393,doctoral committee professor joseph n payne chairman associate professor arthur f coxford jr professor james g greeno professor phillip s jowes doctor davin w wells director of instruction and mathematics education oakland schools,paul joseph shoecraft,,university of michigan,doctor of philosophy education,,1971
394,william d revelli the hobart years,george alfred cavanagh,,university of michigan,doctor of education,,1971
395,exotic ions in liquid helium,gary gene ihas,,university of michigan,doctor of philosophy,physics,1971
396,a metallurgical study of high stress abrasion,joseph muscara,,university of michigan,doctor of philosophy,metallurgical engineering,1971
397,a logical basis for nouns adjectives and verbs,michael f stewart,,university of michigan,doctor of philosophy,linguistics,
398,the concept of empathic understanding,howard frederick kamler,,university of michigan,doctor of philosophy philosophy,,1971
399,double commutants of singly generated operator algebras,thomas rolf turner,,university of michigan,doctor of philosophy,mathematics,1971
400,an analysis of the concept of alienation in karl marxs early writings,david edward whiteside,,university of michigan,doctor of philosophy philosophy,,
401,reactions of molecular nitrogen with titanocene and its derivatives,robert hyman marvich,,university of michigan,doctor of philosophy,,1971
402,solution and unity in schoenbergs george songs op 15,jerry mac dean,,university of michigan,doctor of philosophy,,1971
403,instrumentation for the study of rapid biological oxidationreduction reactions by epr and optical spectroscopy,david penfield ballou,,university of michigan,doctor of philosophy,,1971
404,precambrian geology and mineral deposits of the salida area chaffee county colorado,shelby jett boardman,,university of michigan,doctor of philosophy geology,,1971
405,a generative approach to the development of avestan and old persian consonants,hassan sharifi,,university of michigan,doctor of philosophy,linguistics,1971
406,measurements and models of the dispersed phase mixing process,seymour l ross,,university of michigan,doctor of philosophy,chemical engineering,1971
407,sentential complementation in middle english and early modern english a study of linguistic change,eiko tamano ito,,university of michigan,doctor of education,,1971
408,estimation of local fiscal capacity,john stephen akin,,university of michigan,doctor of philosophy,,1971
409,the obligation t0 obey the law an essay on law social institutions and morality,bruce michael landesman,,university of michigan,doctor of philosophy philosophy,,1971
410,the wallace campaign worker in wayne county michigan,james lewis canfield,,university of michigan,doctor of philosophy,,1971
411,franz liszts approach to piano playing,arne steinberg 198,,university of maryland,doctor of musical,,1971
412,pion production in nuclear collisions,malcolm david shuster,,university of maryland,doctor of philosophy,,1971
413,minimumfuel attitude control and stabilization of an inertiallyoriented space station,john joseph fearnsides,,university of maryland,doctor of philosophy,,1971
414,finite difference solutions of steady laminar flow through a pipe orifice,theo gordon keith,,university of maryland,doctor of philosophy,,1971
415,george frederick root pioneer music educator his contributions to mass instruction in music,polly hinson carder,,university of maryland,doctor of education,,1971
416,radiolodine labeled human igg and igg fraction of rabbit antihuman igg serum the use of labeled antibody as antibody in precipitation and double antibody reactions and as antigen in precipitation and double antibody radioimmunoassays,william alexander falkler,,university of maryland,doctor of philosophy,,1971
417,an application of the facetfactorial approach to scale construction in the development of a rating scale for clarinet music performance,harold f abeles,,university of maryland,doctor of philosophy,,1971
418,ultrasonic absorption study of ecaprolactam in cyclohexane solutions,mostafa mahmoud emara,,university of maryland,doctor of philosophy,,1971
419,the soldiers orphan schools of pennsylvania 18641889,o david gold,,university of maryland,doctor of philosophy,,1971
420,larval ixodid ticks of indonesia acarina ixodidae,sampurno kadarsan,,university of maryland,doctor of philosophy,,1971
421,the effects of video tape feedback on the achievement of students in a beginning conducting class,wilbert allen king,,university of maryland,doctor of education,,1971
422,the effect of one type of preinterview verbal discrimination training model on verbal behavior in an interview setting,donald joseph delbeato,,university of maryland,doctor of philosophy,,1971
423,comparative systematic anatomy of the parasite cassytha lauraceae,bobby glenn beaman,,university of maryland,doctor of philosophy,,1971
424,the politics of the korean minority in japan,changsoo lee,,university of maryland,doctor of philosophy,,1971
425,the effects of general semantics on the personality adjustment of elementary school children,ruth s ralph,,university of maryland,doctor of philosophy,,1971
426,radiationinduced grafting of styrene to polyethylene and hexatriacontane,ihab labib kamel,,university of maryland,doctor of philosophy,,1971
427,radiationinduced grafting of butadiene to chlorinated polyethylene and poly vinyl chloride,ira block,,university of maryland,doctor of philosophy,,1971
428,the freedmen at pompett,samuel van houte,,university of maryland,doctor of philosophy,,1971
429,the battle of midway a study in command,robert elmer barde,,university of maryland,doctor of philosophy,,1971
430,the harrowing of hell a study of its reception and artistic interpretation in early mediaeval european literature,,,university of maryland,doctor of philosophy,,1971
431,a wavy wall analytical model of mucociliary pumping,stephen m ross,,johns hopkins university,doctor of philosophy,,1971
432,on some largesample methods in statistical point estimation,james c fu,,johns hopkins university,doctor of philosophy,,1971
433,studies on the extraction accumulation and metabolism of phthalate ester plasticizers from polyvinyl chloride medical devices,rudolph j jaeger,,the johns hopkins university,doctor of philosophy,,1971
434,conservation principles and stability in the evolution of drainage systems,terence robert smith,,johns hopkins university,doctor of philosophy,,1971
435,computer simulations of turbulent dispersion,james j riley,,johns hopkins university,doctor of philosophy,,1971
436,the distribution and arrangement of urban structure and spatial change,kingsley edwin haynes,,johns hopkins university,doctor of philosophy,,1972
437,the elizabethan gentlemen adventurers and western planting,carole shammas,,johns hopkins university,doctor of philosophy,,1971
438,cigoli studies,charles h carman,,johns hopkins university,doctor of philosophy,,1972
439,representation and detection of concurrency using ordering matrices,garold s tjaden,,johns hopkins university,doctor of philosophy,,1972
440,an investigation of the role of short waves and wind drift in the interaction between wind and long gravity waves,michael l banner,,johns hopkins university,doctor of philosophy,,1973
441,the living lyre a study of the poetry of thomas gray,stephen wagman,,johns hopkins university,doctor of philosophy,,1973
442,the poetic development of barthold heinrich brockes in his irdisches vergnugen in gott,elly m friese apitz,,johns hopkins university,doctor of philosophy,,1971
443,animal imagery in the old testaments some aspects of hebrew poetics,james,,johns hopkins university,doctor of philosophy,,1972
444,,eliyahu borukhov,,johns hopkins university,doctor of philosophy,,1972
445,an essay on the concept of collective rationality,jerry w gustafson,,johns hopkins university,doctor of philosophy,,1972
446,surface relief cinemicrography of the unsteady solidification of the leadtincadmium ternary eutectic,william james boettinger,,johns hopkins university,doctor of philosophy,,1972
447,studies on women at mari politics and religion,bernard frank batto,,johns hopkins university,doctor of philosophy,,1972
448,,howard neil plotkin,,johns hopkins university,doctor of philosophy,,1972
449,,dennis r capozza,,johns hopkins university,doctor of philosophy,,1972
450,on the motion of a line common to three different materials,elizabeth b dussan v,,johns hopkins university,doctor of philosophy,,1972
451,second sound attenuation in a liquid helium counterflow jet,glenn,,california institute of technology,doctor of philosophy,,1975
452,the flow of human blood through capillary tubes with inside diameters between 87 and 221 microns,james henry barbee,,california institute of technology,doctor of philosophy,,1970
453,estimation and control of stochastic chemical systems,myung kyu hwang,,california institute of technology,doctor of philosophy,,1971
454,characteristics of transverse mixing in openchannel flows,josephat kanayo okoye,,california institute of technology,doctor of philosophy,,1970
455,two topics in particle physics i tests for helicity conservation and spinparity selection rules in diffraction dissociation ii independent production of pions,richard n silver,,california institute of technology,doctor of philosophy,,1971
456,theoretical frameworks for testing relativistic gravity the parametrized postnewtonian formalism,clifford martin will,,california institute of technology,doctor of philosophy,,1971
457,modes and spectra of high gain lasers,lee wendel casperson,,california institute of technology,doctor of philosophy,,1971
458,an electrical 4nd statistical study of burst noise,jasen niles puckett,,california institute of technology,doctor of philosophy,,1970
459,applications of model theory to complex analysis,keith duncan stroyan,,california institute of technology,doctor of philosophy,,1971
460,surface wave propagation and source studies in the gulf of california region,wayne thatcher,,california institute of technology,doctor of philosophy,,1971
461,the origins of the nonlinear refractive indices of liquids and glasses,adelbert owyoung,,california institute of technology,doctor of philosophy,,1971
462,,gene ward wester,,california institute of technology,doctor of philosophy,,1972
463,a mathematical and experimental investigation of microcycle spectral estimates of semiconductor flicker noise,michael,,california institute of technology,doctor of philosophy,,1971
464,aperture synthesis observations of neutral hydrogen in three galaxies,gerson seth shostak,,california institute of technology,doctor of philosophy,,1971
465,particle collection from aqueous suspensions by solid and hollow single fibers,daniel pan yih chang,,california institute of technology,doctor of philosophy,,1973
466,,daniel charles harris,,california institute of technology,doctor of philosophy,,1973
467,flow induced vibration of bluff structures,robert dilworth blevins,,california institute of technology,doctor of philosophy,,1973
468,two pigeon hole principles and unions of convexly disjoint sets,howard cary morris,,california institute of technology,doctor of philosophy,,1973
469,the structure of compact radio sources,david bruce shaffer,,california institute of technology,doctor of philosophy,,1973
470,viscous and nonlinear effects in the oscillations of drops and bubbles,andrea prosperetti,,california institute of technology,doctor of philosophy,,1974
471,superconductivity in metalsemiconductor eutectic alloys,william l johnson,,california institute of technology,doctor of philosophy,,1974
472,some problems in nonlinear elasticity,michael alan kosecoff,,california institute of technology,doctor of philosophy,,1975
473,numerical ranges of powers of operators,elias sai wan shiu,,california institute of technology,doctor of philosophy,,1975
474,a structured designmethod for specialized proof procedures,thomas carl brown,,california institute of technology,doctor of philosophy,,1974
475,a study of the entrainment and turbulence in a plane buoyant jet,nikolas evangelos kotsovinos,,california institute of technology,doctor of philosophy,,1975
476,selling competency,robert l russell,,colorado state university,doctor of philosophy,,1971
477,dissertation life history of physaloptera rara hall and wigdor 1918 in definitive intermediate and paratenic hosts,john l olsen,,colorado state university,doctor of philosophy,,1971
478,epizootic bovine abortion tissue predilection and serologic evaluation of the etiologic agent,david e,,colorado state university,doctor of philosophy,,1971
479,,paul a westcott,,colorado state university,doctor of philosophy,,1971
480,dissertation accelerating agricultural production in saudi arabia,mansoor i al turki,,colorado state university,doctor of philosophy,,1971
481,,david,,colorado state university,doctor of philosophy,,1971
482,dissertation image a factor in tourism,john d hunt,,colorado state university,doctor of philosophy,,1971
483,soil descriptions and simulation model of potassium cycling in colorado forests,robert george woodmansee,,colorado state university,doctor of philosophy,,1972
484,dissertation water infiltration under centerpivots,john w addink,,colorado state university,doctor of philosophy,,1972
485,dissertation mechanics of soil erosion from overland flow,mustafa yilmaz kilinc,,colorado state university,doctor of philosophy,,1972
486,,john,,colorado state university,doctor of philosophy,,1972
487,dissertation biosystematic studies of oenothera l subgenus pachylophus,robert erland stockhouse,,colorado state university,doctor of philosophy,,1973
488,immunogenetics of salmonid serum proteins,richard a de long,,colorado state university,doctor of philosophy,,1973
489,,gerald david nordblom,,colorado state university,doctor of philosophy,,1973
490,dissertation plasmasolid interface energy transport,masanobu niimura,,colorado state university,doctor of philosophy,,1973
491,chemical pasteurization of poultry meat,jagdish singh teotia,,colorado state university,doctor of philosophy,,1973
492,,alonzo chappell,,colorado state university,doctor of philosophy,,1973
493,reactions of auto mechanics terminees and supervisors to the importance and quality of auto mechanics training,howard n acott,,colorado state university,doctor of philosophy,,1973
494,,phillip d creighton,,colorado state university,doctor of philosophy,,1974
495,relationship between innovative teachers and student achievement and career aspirations,sheldon r mendelson,,colorado state university,doctor of philosophy,,1973
496,economic and legal protection for aquatic habitats in the united states,david ross allardice,,colorado state university,doctor of philosophy,,1974
497,dissertation verification of a mathematical model for wood joist floor systems,jeongshwu liu,,colorado state university,doctor of philosophy,,1974
498,,rajinder s narang,,colorado state university,doctor of philosophy,,1972
499,,william murray henghold,,colorado state university,doctor of philosophy,,1972
500,the development and field testing of a written occupational competency examination for auto mechanic teachers,william james crain,,colorado state university,doctor of philosophy,,1973
